fusion,pdi_ci025,pdi_median,pdi_ci975,pdi_mean
task_gated_late,0.6514229284909353,2.7858197617993237,5.099160881934851,2.79250137010764
explicit_region_mask_gate,1.4921706925436378,4.23517756352077,6.987203791990225,4.253226794466072
occ_attention_bias,-0.16834853975124797,4.4090601060563115,8.592170359217528,4.362308961932434
task_region_scalar_gated_late,2.330777782252628,4.4114460139580824,6.553630312204545,4.392031263332286
task_region_gated_late,2.7016373237422258,4.9891929722984765,7.328942437068006,4.98575410087639
concat_condition,1.936380620671611,5.031666980638098,7.761963349469657,4.973365916618456
no_occ_original,2.432227410979399,5.255104367678586,8.063875593955455,5.27791540919321
