head,auroc_clean_mean,auroc_masked_mean,auroc_drop_mean,auroc_pdi_percent_mean,auprc_clean_mean,auprc_masked_mean,auprc_drop_mean,auprc_pdi_percent_mean,n_models
gaze,0.9186520759657758,0.8818065189086715,0.03684555705710431,4.01261990449197,0.6460249914323941,0.5747002642464917,0.0713247271859025,11.052993725575988,8
hands,0.9454272819385189,0.9348654024063108,0.010561879532208066,1.1232285616178088,0.7383609898910886,0.7401221180673363,-0.0017611281762476838,-0.2404201270111677,8
talk,0.8301571643636334,0.8268083365480187,0.003348827815614755,0.4036694562749402,0.5628919889278676,0.562218836674059,0.0006731522538085954,0.061252062037368396,8
action,0.9960985759337433,0.9956807730117675,0.00041780292197586555,0.041948758056806215,0.9559794570071374,0.950008431587089,0.0059710254200484175,0.6233856150095252,8
