split,head,clip_f1_macro,clip_acc,window_f1_macro,window_acc,n_clip,n_window
test_clean,action,0.8620685389924002,0.9071519524617997,0.8613704613714129,0.9063529161797514,9424,18826
test_clean,gaze,0.6338918379766503,0.6634241245136187,0.6331968036320785,0.6611489776046738,514,1027
test_clean,hands,0.7099958942720545,0.9388993513287298,0.71056700077029,0.9394574211794281,9558,19094
test_clean,talk,0.7481657800865287,0.7798174872665535,0.748432976389411,0.7798788908955699,9424,18826
test_masked,action,0.855248046468055,0.9043536728861994,0.8564058046873771,0.9050520436659051,5949,11817
test_masked,gaze,0.5539549385244137,0.6042780748663101,0.5582313137404759,0.6102150537634409,374,744
test_masked,hands,0.6994622021796213,0.9310117181052979,0.6995342981034441,0.9308797873224225,6059,12037
test_masked,talk,0.7430813305169366,0.7742477727349134,0.74326319903676,0.7741389523567741,5949,11817
