{
  "best_epoch": 5,
  "best_score": 0.7857133695197468,
  "test_splits": {
    "test_clean": {
      "loss": 0.20804696026092714,
      "per_head": {
        "action": {
          "window_f1_macro": 0.8613704613714129,
          "window_acc": 0.9063529161797514,
          "clip_f1_macro": 0.8620685389924002,
          "clip_acc": 0.9071519524617997
        },
        "gaze": {
          "window_f1_macro": 0.6331968036320785,
          "window_acc": 0.6611489776046738,
          "clip_f1_macro": 0.6338918379766503,
          "clip_acc": 0.6634241245136187
        },
        "hands": {
          "window_f1_macro": 0.71056700077029,
          "window_acc": 0.9394574211794281,
          "clip_f1_macro": 0.7099958942720545,
          "clip_acc": 0.9388993513287298
        },
        "talk": {
          "window_f1_macro": 0.748432976389411,
          "window_acc": 0.7798788908955699,
          "clip_f1_macro": 0.7481657800865287,
          "clip_acc": 0.7798174872665535
        }
      },
      "gaze_binary_on_distraction": {
        "window_acc": 0.7362689896951026,
        "window_f1_macro": 0.6526956103953208,
        "clip_acc": 0.7283531409168081,
        "clip_f1_macro": 0.6474722651579777,
        "n_windows": 18826,
        "support_front": 15710,
        "support_not_front": 3116
      }
    },
    "test_masked": {
      "loss": 0.23819932770543054,
      "per_head": {
        "action": {
          "window_f1_macro": 0.8564058046873771,
          "window_acc": 0.9050520436659051,
          "clip_f1_macro": 0.855248046468055,
          "clip_acc": 0.9043536728861994
        },
        "gaze": {
          "window_f1_macro": 0.5582313137404759,
          "window_acc": 0.6102150537634409,
          "clip_f1_macro": 0.5539549385244137,
          "clip_acc": 0.6042780748663101
        },
        "hands": {
          "window_f1_macro": 0.6995342981034441,
          "window_acc": 0.9308797873224225,
          "clip_f1_macro": 0.6994622021796213,
          "clip_acc": 0.9310117181052979
        },
        "talk": {
          "window_f1_macro": 0.74326319903676,
          "window_acc": 0.7741389523567741,
          "clip_f1_macro": 0.7430813305169366,
          "clip_acc": 0.7742477727349134
        }
      },
      "gaze_binary_on_distraction": {
        "window_acc": 0.6362020817466362,
        "window_f1_macro": 0.5755819603930556,
        "clip_acc": 0.6261556564128425,
        "clip_f1_macro": 0.5694478107553307,
        "n_windows": 11817,
        "support_front": 9893,
        "support_not_front": 1924
      }
    }
  },
  "test_clean_vs_masked_drop": {
    "action": {
      "clean_clip_f1_macro": 0.8620685389924002,
      "masked_clip_f1_macro": 0.855248046468055,
      "drop_clip_f1_macro": 0.006820492524345245,
      "relative_drop_clip_f1_macro": 0.007911775242740152,
      "clean_clip_acc": 0.9071519524617997,
      "masked_clip_acc": 0.9043536728861994,
      "drop_clip_acc": 0.0027982795756003043,
      "relative_drop_clip_acc": 0.0030846867142890707,
      "clean_window_f1_macro": 0.8613704613714129,
      "masked_window_f1_macro": 0.8564058046873771,
      "drop_window_f1_macro": 0.004964656684035784,
      "relative_drop_window_f1_macro": 0.005763671853956322,
      "clean_window_acc": 0.9063529161797514,
      "masked_window_acc": 0.9050520436659051,
      "drop_window_acc": 0.0013008725138463628,
      "relative_drop_window_acc": 0.0014352825379869674
    },
    "gaze": {
      "clean_clip_f1_macro": 0.6338918379766503,
      "masked_clip_f1_macro": 0.5539549385244137,
      "drop_clip_f1_macro": 0.07993689945223659,
      "relative_drop_clip_f1_macro": 0.12610495144943182,
      "clean_clip_acc": 0.6634241245136187,
      "masked_clip_acc": 0.6042780748663101,
      "drop_clip_acc": 0.05914604964730852,
      "relative_drop_clip_acc": 0.08915269653582575,
      "clean_window_f1_macro": 0.6331968036320785,
      "masked_window_f1_macro": 0.5582313137404759,
      "drop_window_f1_macro": 0.07496548989160268,
      "relative_drop_window_f1_macro": 0.11839208514887208,
      "clean_window_acc": 0.6611489776046738,
      "masked_window_acc": 0.6102150537634409,
      "drop_window_acc": 0.050933923841232964,
      "relative_drop_window_acc": 0.07703849747414765
    },
    "hands": {
      "clean_clip_f1_macro": 0.7099958942720545,
      "masked_clip_f1_macro": 0.6994622021796213,
      "drop_clip_f1_macro": 0.010533692092433156,
      "relative_drop_clip_f1_macro": 0.014836271839618389,
      "clean_clip_acc": 0.9388993513287298,
      "masked_clip_acc": 0.9310117181052979,
      "drop_clip_acc": 0.007887633223431889,
      "relative_drop_clip_acc": 0.008400935853528193,
      "clean_window_f1_macro": 0.71056700077029,
      "masked_window_f1_macro": 0.6995342981034441,
      "drop_window_f1_macro": 0.011032702666845862,
      "relative_drop_window_f1_macro": 0.015526618397541488,
      "clean_window_acc": 0.9394574211794281,
      "masked_window_acc": 0.9308797873224225,
      "drop_window_acc": 0.008577633857005607,
      "relative_drop_window_acc": 0.009130412580313583
    },
    "talk": {
      "clean_clip_f1_macro": 0.7481657800865287,
      "masked_clip_f1_macro": 0.7430813305169366,
      "drop_clip_f1_macro": 0.005084449569592087,
      "relative_drop_clip_f1_macro": 0.006795886292746572,
      "clean_clip_acc": 0.7798174872665535,
      "masked_clip_acc": 0.7742477727349134,
      "drop_clip_acc": 0.005569714531640124,
      "relative_drop_clip_acc": 0.007142330894839641,
      "clean_window_f1_macro": 0.748432976389411,
      "masked_window_f1_macro": 0.74326319903676,
      "drop_window_f1_macro": 0.005169777352651006,
      "relative_drop_window_f1_macro": 0.0069074686922415375,
      "clean_window_acc": 0.7798788908955699,
      "masked_window_acc": 0.7741389523567741,
      "drop_window_acc": 0.005739938538795841,
      "relative_drop_window_acc": 0.007360038341599953
    }
  },
  "n_train_clips": 42061,
  "n_val_clips": 9321,
  "n_test_clips_by_split": {
    "test_clean": 10316,
    "test_masked": 10316
  },
  "n_train_windows": 62186,
  "n_val_windows": 13362,
  "n_test_windows_by_split": {
    "test_clean": 19853,
    "test_masked": 12561
  },
  "inference_ms_per_window": 27.601304333560012,
  "model_params": 2336944,
  "fusion_kind": "task_region_scalar_gated_late",
  "pose_in_ch": 7,
  "face_in_ch": 4,
  "num_face_regions": 10,
  "face_encoder": "region_pool",
  "loader_face_v": 478
}