split,head,clip_f1_macro,clip_acc,window_f1_macro,window_acc,n_clip,n_window
test_clean,action,0.8531479682152809,0.9015280135823429,0.8532856346755014,0.9019972378625305,9424,18826
test_clean,gaze,0.6355214763902555,0.6614785992217899,0.6416038786438386,0.6650438169425511,514,1027
test_clean,hands,0.7041309106028504,0.9326218874241473,0.7047566998957688,0.9322300199015398,9558,19094
test_clean,talk,0.7515199454658872,0.7824702886247877,0.7510033129746634,0.7819504939976628,9424,18826
test_masked,action,0.8460484754255053,0.895780803496386,0.8460269346362698,0.895997292036896,5949,11817
test_masked,gaze,0.5830756612216637,0.6256684491978609,0.5817123470853143,0.625,374,744
test_masked,hands,0.698676911809235,0.9255652747978215,0.6983748427488846,0.9247320760986957,6059,12037
test_masked,talk,0.7476013621849389,0.7777777777777778,0.7473887824434264,0.7773546585427773,5949,11817
