split,head,clip_f1_macro,clip_acc,window_f1_macro,window_acc,n_clip,n_window
test_clean,action,0.8676396868137669,0.9138370118845501,0.8687383554479932,0.9141081483055349,9424,18826
test_clean,gaze,0.563505636228573,0.5992217898832685,0.5621849041931305,0.5978578383641675,514,1027
test_clean,hands,0.7099456992786364,0.9403640929064658,0.7088711807001198,0.9400858908557662,9558,19094
test_clean,talk,0.7509663597522112,0.783955857385399,0.7503353306173863,0.7832253266758737,9424,18826
test_masked,action,0.8468730967310868,0.8964531854093125,0.8460904543428018,0.8964204112718964,5949,11817
test_masked,gaze,0.45252429716507375,0.5508021390374331,0.4541404550492567,0.553763440860215,374,744
test_masked,hands,0.7051688970598733,0.9379435550420862,0.7048150619422577,0.9373598072609454,6059,12037
test_masked,talk,0.7553437983501499,0.7868549336022861,0.7554920047204854,0.7867479055597868,5949,11817
